{"cameraMode":{"drawMode":0,"name":"Shaded","section":"Shading Mode"},"sceneLighting":true,"audioPlay":false,"sceneViewState":{"m_AlwaysRefresh":false,"showFog":true,"showSkybox":true,"showFlares":true,"showImageEffects":true,"showParticleSystems":true,"showVisualEffectGraphs":true,"m_FxEnabled":true},"in2DMode":false,"pivot":{"x":0.06658291816711426,"y":14.783080101013184,"z":-9.987381935119629},"rotation":{"x":0.0022303410805761816,"y":0.9977693557739258,"z":0.046429771929979327,"w":-0.04793001338839531},"size":7.007568359375,"orthographic":false}